{
  "generated_at_utc": "2025-12-31T10:13:37.231267Z",
  "execution_events": 9630,
  "intents_executed": 8444,
  "overall": {
    "count": 8444,
    "mean_s": 0.20828990999526292,
    "p50_s": 0.05,
    "p95_s": 0.05,
    "p99_s": 4.15,
    "max_s": 4.15
  },
  "by_stage": {
    "canary": {
      "count": 499,
      "mean_s": 0.20310621242484975,
      "p50_s": 0.05,
      "p95_s": 0.05,
      "p99_s": 4.15,
      "max_s": 4.15
    },
    "enforce": {
      "count": 4400,
      "mean_s": 0.20470454545454547,
      "p50_s": 0.05,
      "p95_s": 0.05,
      "p99_s": 4.15,
      "max_s": 4.15
    },
    "rollout": {
      "count": 3545,
      "mean_s": 0.21346967559943583,
      "p50_s": 0.05,
      "p95_s": 0.7,
      "p99_s": 4.15,
      "max_s": 4.15
    }
  },
  "by_effective_decision": {
    "allow": {
      "count": 8033,
      "mean_s": 0.05,
      "p50_s": 0.05,
      "p95_s": 0.05,
      "p99_s": 0.05,
      "max_s": 0.05
    },
    "deny": {
      "count": 302,
      "mean_s": 4.1499999999999995,
      "p50_s": 4.15,
      "p95_s": 4.15,
      "p99_s": 4.15,
      "max_s": 4.15
    },
    "restrict": {
      "count": 43,
      "mean_s": 1.35,
      "p50_s": 1.35,
      "p95_s": 1.35,
      "p99_s": 1.35,
      "max_s": 1.35
    },
    "stepup": {
      "count": 66,
      "mean_s": 0.6939393939393941,
      "p50_s": 0.7,
      "p95_s": 0.7,
      "p99_s": 0.7,
      "max_s": 0.7
    }
  }
}