{
  "generated_at_utc": "2025-12-30T08:38:16.416096Z",
  "execution_events": 8082,
  "intents_executed": 4899,
  "overall": {
    "count": 4899,
    "mean_s": 0.3215758318024087,
    "p50_s": 0.05,
    "p95_s": 0.7,
    "p99_s": 4.15,
    "max_s": 4.15
  },
  "by_stage": {
    "canary": {
      "count": 499,
      "mean_s": 0.3061122244488978,
      "p50_s": 0.05,
      "p95_s": 0.7,
      "p99_s": 4.15,
      "max_s": 4.15
    },
    "enforce": {
      "count": 4400,
      "mean_s": 0.32332954545454545,
      "p50_s": 0.05,
      "p95_s": 0.7,
      "p99_s": 4.15,
      "max_s": 4.15
    }
  },
  "by_effective_decision": {
    "allow": {
      "count": 3817,
      "mean_s": 0.05,
      "p50_s": 0.05,
      "p95_s": 0.05,
      "p99_s": 0.05,
      "max_s": 0.05
    },
    "deny": {
      "count": 176,
      "mean_s": 4.1499999999999995,
      "p50_s": 4.15,
      "p95_s": 4.15,
      "p99_s": 4.15,
      "max_s": 4.15
    },
    "restrict": {
      "count": 35,
      "mean_s": 1.3500000000000003,
      "p50_s": 1.35,
      "p95_s": 1.35,
      "p99_s": 1.35,
      "max_s": 1.35
    },
    "stepup": {
      "count": 871,
      "mean_s": 0.6967853042479908,
      "p50_s": 0.7,
      "p95_s": 0.7,
      "p99_s": 0.7,
      "max_s": 0.7
    }
  }
}