{
  "shadow": {
    "n_events": 25044,
    "enforced_fraction": 1.0,
    "false_deny_rate": 0.0005190864079220572,
    "mfa_friction_rate": 0.010621306500559017,
    "latency_p95_ms": 177.47163128494057,
    "policy_error_rate": 0.00015971889474524837,
    "analyst_override_rate": 0.0
  },
  "canary": {
    "n_events": 10692,
    "enforced_fraction": 0.046670407781518895,
    "false_deny_rate": 0.002004008016032064,
    "mfa_friction_rate": 0.008016032064128256,
    "latency_p95_ms": 168.97235359773975,
    "policy_error_rate": 0.0,
    "analyst_override_rate": 0.0
  },
  "enforce": {
    "n_events": 10719,
    "enforced_fraction": 0.41048605280343314,
    "false_deny_rate": 0.00045454545454545455,
    "mfa_friction_rate": 0.006363636363636364,
    "latency_p95_ms": 170.45315361267092,
    "policy_error_rate": 0.0006818181818181819,
    "analyst_override_rate": 0.0
  },
  "rollout": {
    "n_events": 3545,
    "enforced_fraction": 1.0,
    "false_deny_rate": 0.0005641748942172073,
    "mfa_friction_rate": 0.009590973201692525,
    "latency_p95_ms": 182.62415009621586,
    "policy_error_rate": 0.000846262341325811,
    "analyst_override_rate": 0.0
  }
}